driver_id,total_fare,avg_distance
89,110.67999999999999,23.099999999999998
